{
    "outside_direct_agent": {
        "Test 1": {
            "Apples Eaten": 44,
            "Time": 22.967732906341553,
            "Terminated": false
        },
        "Test 2": {
            "Apples Eaten": 40,
            "Time": 20.687941551208496,
            "Terminated": false
        },
        "Test 3": {
            "Apples Eaten": 38,
            "Time": 19.16945171356201,
            "Terminated": false
        },
        "Test 4": {
            "Apples Eaten": 7,
            "Time": 3.54496693611145,
            "Terminated": false
        },
        "Test 5": {
            "Apples Eaten": 39,
            "Time": 21.00075387954712,
            "Terminated": false
        },
        "Test 6": {
            "Apples Eaten": 38,
            "Time": 20.101433992385864,
            "Terminated": false
        },
        "Test 7": {
            "Apples Eaten": 39,
            "Time": 20.77326202392578,
            "Terminated": false
        },
        "Test 8": {
            "Apples Eaten": 38,
            "Time": 18.049139261245728,
            "Terminated": false
        },
        "Test 9": {
            "Apples Eaten": 38,
            "Time": 19.203627586364746,
            "Terminated": false
        },
        "Test 10": {
            "Apples Eaten": 38,
            "Time": 19.618417978286743,
            "Terminated": false
        },
        "Test 11": {
            "Apples Eaten": 42,
            "Time": 21.79753875732422,
            "Terminated": false
        },
        "Test 12": {
            "Apples Eaten": 43,
            "Time": 20.898460865020752,
            "Terminated": false
        },
        "Test 13": {
            "Apples Eaten": 39,
            "Time": 19.585774660110474,
            "Terminated": false
        },
        "Test 14": {
            "Apples Eaten": 39,
            "Time": 20.568898677825928,
            "Terminated": false
        },
        "Test 15": {
            "Apples Eaten": 41,
            "Time": 19.846946954727173,
            "Terminated": false
        }
    },
    "weighted_random_agent_with_check": {
        "Test 1": {
            "Apples Eaten": 21,
            "Time": 12.304765224456787,
            "Terminated": false
        },
        "Test 2": {
            "Apples Eaten": 15,
            "Time": 7.890292644500732,
            "Terminated": false
        },
        "Test 3": {
            "Apples Eaten": 10,
            "Time": 6.390414714813232,
            "Terminated": false
        },
        "Test 4": {
            "Apples Eaten": 6,
            "Time": 2.834690809249878,
            "Terminated": false
        },
        "Test 5": {
            "Apples Eaten": 7,
            "Time": 5.243818998336792,
            "Terminated": false
        },
        "Test 6": {
            "Apples Eaten": 12,
            "Time": 7.821066856384277,
            "Terminated": false
        },
        "Test 7": {
            "Apples Eaten": 11,
            "Time": 4.28192663192749,
            "Terminated": false
        },
        "Test 8": {
            "Apples Eaten": 13,
            "Time": 5.183456897735596,
            "Terminated": false
        },
        "Test 9": {
            "Apples Eaten": 14,
            "Time": 7.075119256973267,
            "Terminated": false
        },
        "Test 10": {
            "Apples Eaten": 3,
            "Time": 1.414612054824829,
            "Terminated": false
        },
        "Test 11": {
            "Apples Eaten": 13,
            "Time": 5.7067551612854,
            "Terminated": false
        },
        "Test 12": {
            "Apples Eaten": 10,
            "Time": 4.030317068099976,
            "Terminated": false
        },
        "Test 13": {
            "Apples Eaten": 6,
            "Time": 2.2139031887054443,
            "Terminated": false
        },
        "Test 14": {
            "Apples Eaten": 28,
            "Time": 12.605783700942993,
            "Terminated": false
        },
        "Test 15": {
            "Apples Eaten": 10,
            "Time": 3.8561441898345947,
            "Terminated": false
        }
    },
    "weighted_random_agent_recursive_check": {
        "Test 1": {
            "Apples Eaten": 22,
            "Time": 12.76542592048645,
            "Terminated": false
        },
        "Test 2": {
            "Apples Eaten": 30,
            "Time": 18.761720180511475,
            "Terminated": false
        },
        "Test 3": {
            "Apples Eaten": 52,
            "Time": 28.065940856933594,
            "Terminated": false
        },
        "Test 4": {
            "Apples Eaten": 16,
            "Time": 7.46337890625,
            "Terminated": false
        },
        "Test 5": {
            "Apples Eaten": 25,
            "Time": 15.84852409362793,
            "Terminated": false
        },
        "Test 6": {
            "Apples Eaten": 51,
            "Time": 38.63003611564636,
            "Terminated": false
        },
        "Test 7": {
            "Apples Eaten": 32,
            "Time": 19.12116050720215,
            "Terminated": false
        },
        "Test 8": {
            "Apples Eaten": 20,
            "Time": 10.917129516601562,
            "Terminated": false
        },
        "Test 9": {
            "Apples Eaten": 78,
            "Time": 59.0410897731781,
            "Terminated": false
        },
        "Test 10": {
            "Apples Eaten": 71,
            "Time": 56.39213538169861,
            "Terminated": false
        },
        "Test 11": {
            "Apples Eaten": 4,
            "Time": 1.7950513362884521,
            "Terminated": false
        },
        "Test 12": {
            "Apples Eaten": 25,
            "Time": 14.33405327796936,
            "Terminated": false
        },
        "Test 13": {
            "Apples Eaten": 38,
            "Time": 22.793665885925293,
            "Terminated": false
        },
        "Test 14": {
            "Apples Eaten": 41,
            "Time": 20.830934047698975,
            "Terminated": false
        },
        "Test 15": {
            "Apples Eaten": 96,
            "Time": 127.8764979839325,
            "Terminated": true
        }
    },
    "hamiltonian_cycle": {
        "Test 1": {
            "Apples Eaten": 397,
            "Time": 680.6205770969391,
            "Terminated": false
        },
        "Test 2": {
            "Apples Eaten": 397,
            "Time": 667.6135761737823,
            "Terminated": false
        },
        "Test 3": {
            "Apples Eaten": 397,
            "Time": 651.7740488052368,
            "Terminated": false
        },
        "Test 4": {
            "Apples Eaten": 397,
            "Time": 704.0135850906372,
            "Terminated": false
        },
        "Test 5": {
            "Apples Eaten": 397,
            "Time": 730.461366891861,
            "Terminated": false
        },
        "Test 6": {
            "Apples Eaten": 397,
            "Time": 682.0242910385132,
            "Terminated": false
        },
        "Test 7": {
            "Apples Eaten": 397,
            "Time": 674.7428872585297,
            "Terminated": false
        },
        "Test 8": {
            "Apples Eaten": 397,
            "Time": 640.826651096344,
            "Terminated": false
        },
        "Test 9": {
            "Apples Eaten": 397,
            "Time": 671.7054104804993,
            "Terminated": false
        },
        "Test 10": {
            "Apples Eaten": 397,
            "Time": 701.1377577781677,
            "Terminated": false
        },
        "Test 11": {
            "Apples Eaten": 397,
            "Time": 712.4466798305511,
            "Terminated": false
        },
        "Test 12": {
            "Apples Eaten": 397,
            "Time": 734.6046857833862,
            "Terminated": false
        },
        "Test 13": {
            "Apples Eaten": 397,
            "Time": 728.5132551193237,
            "Terminated": false
        },